[STA[mm],E[STA[mm],,Ԋude[mm],web[mm],STAŏɂweb[mm],q_max[N/m],F_scr[MPa],F_su[MPa],f_s[MPa],M.S.
1500,2000,5,100.0,1.6,282.0,115073.266219,97.9907430965,303.3693998181163,71.920791387,0.362481435572
