ç∂í[STA[mm],âEí[STA[mm],q_max[N/m],N,D[mm],p[mm],Ps[N],P_allow[N],M.S. of web hole loss
625,1000,108138.04713804714,2,3.175,60.48375,3270.2973042929293,1637.6371855521154,4.395994695968236
