web_thickness[mm],前桁高さ,間隔de,fs,Fscr,M.S
1.8,320.0,80,68.5555201631,183.354483007,1.67454003078
web_thickness[mm],スティフナー厚さ,スティフナー間隔,he,bs1底,bs2高さ,I,I_U,M.S
1.8,2.29,80,306.739530075,40,30,20779.286714936665,10260.9504191,1.02508401914
web_thickness[mm],momentum,thickness,b_bottom_,b_height,Fcc,M.S
1.8,75742.92683,6.0,45,40,417.066494273,0.0255686325903
