web_thickness[mm],前桁高さ,間隔de,fs,Fscr,M.S
1.8,320.0,80,68.6945163445,183.354483007,1.66912837827
web_thickness[mm],スティフナー厚さ,スティフナー間隔,he,bs1底,bs2高さ,I,I_U,M.S
1.8,1.8,80,306.118874663,40,30,16281.2592,10201.4068134,0.595981759953
web_thickness[mm],momentum,thickness,b_bottom_,b_height,Fcc,M.S
1.8,75742.92683,6.0,45,40,417.066494273,0.0234935015429
web_thickness[mm],momentum,thickness,b_bottom_,b_height,Ftu,M.S
1.8,75742.92683,6.0,50,40,393.0012679461961,0.0120867608124
qmax,D,rivet pitch,Fir,Fcc,Pf,M.S,M.S.web hole loss
123650.12942,6.25,30.0505050505,156.513919163,176.259116566,8088.34886364,0.0722424423958,2.49771242433
qmax,N,D,pitch,Ps,M.S,M.S.web hole loss
123650.12942,2,6.35,25.4,1570.35664363,4.17137646328,2.31215738856
