web_thickness[mm],前桁高さ,間隔de,fs,Fscr,M.S
1.8,320.0,80,68.3685581954,183.354483007,1.68185387913
web_thickness[mm],スティフナー厚さ,スティフナー間隔,he,bs1底,bs2高さ,I,I_U,M.S
1.8,2.29,80,307.578345865,40,30,20779.286714936665,10341.6734916,1.00927700259
