ç∂í[STA[mm],âEí[STA[mm],K[MPa],As[mm^2],dc[mm],D[mm],p[mm],Pf[N],P_allow[N],M.S.
2000,2500,172,54.36,100.0,3.96875,23.8125,2226.4497,3497.03773998108,0.570678978277
