ç∂í[STA[mm],âEí[STA[mm],q_max[N/m],N,D[mm],p[mm],Ps[N],P_allow[N],M.S.
2000,2500,97430.9050445,2,3.96875,15.875,773.357808791,2558.8081024251806,2.30869886273
