ç∂í[STA[mm],âEí[STA[mm],q_max[N/m],N,D[mm],p[mm],Ps[N],P_allow[N],M.S.
2500,3000,82440.9015943,2,3.96875,15.875,654.374656405,2558.8081024251806,2.91031051918
