ç∂í[STA[mm],âEí[STA[mm],K[MPa],As[mm^2],dc[mm],D[mm],p[mm],Pf[N],P_allow[N],M.S.
2500,3000,172,50.76,100.0,3.96875,23.8125,2079.0027,3497.03773998108,0.682074650495
