ç∂í[STA[mm],âEí[STA[mm],q_max[N/m],N,D[mm],p[mm],Ps[N],P_allow[N],M.S.
4000,4500,31657.2126476,2,3.175,19.049999999999997,301.534950468,1637.6371855521154,4.43100288378
