ç∂í[STA[mm],âEí[STA[mm],K[MPa],As[mm^2],dc[mm],D[mm],p[mm],Pf[N],P_allow[N],M.S.
4000,4500,172,29.159999999999997,166.66666666666666,3.175,17.1257575758,515.367477818,2238.1041535878912,3.34273455334
