ç∂í[STA[mm],âEí[STA[mm],D[mm],p[mm],fs[MPa],fsj[MPa],Fsu[MPa],fscr[MPa],M.S.
4000,4500,3.175,19.049999999999997,19.7857579047,23.7429094857,303.3693998181163,51.0310234019,1.14931634359
