ç∂í[STA[mm],âEí[STA[mm],K[MPa],As[mm^2],dc[mm],D[mm],p[mm],Pf[N],P_allow[N],M.S.
625,1000,172,70.56,93.75,3.96875,23.8125,3082.62528,3497.03774,0.134434913
1000,1500,172,61.56,83.33333333,3.96875,23.8125,3025.61244,3497.03774,0.155811529
1500,2000,172,54.36,100,3.96875,23.8125,2226.4497,3497.03774,0.570678978
2000,2500,172,54.36,100,3.96875,23.8125,2226.4497,3497.03774,0.570678978
2500,3000,172,50.76,100,3.96875,23.8125,2079.0027,3497.03774,0.68207465
3000,3500,172,43.56,125,3.96875,23.8125,1427.28696,3497.03774,1.450129398
3500,4000,172,41.76,166.6666667,3.96875,23.8125,1026.23112,3497.03774,2.407651232
4000,4500,172,29.16,166.6666667,3.175,17.12575758,515.3674778,2238.104154,3.342734553
4500,5000,172,32.76,250,3.175,19.05,429.365664,2238.104154,4.212582983