ç∂í[STA[mm],âEí[STA[mm],q_max[N/m],N,D[mm],p[mm],Ps[N],P_allow[N],M.S.
3500,4000,50477.8011415,2,3.96875,23.8125,601.001319841,2558.8081024251806,3.2575748471
