ç∂í[STA[mm],âEí[STA[mm],K[MPa],As[mm^2],dc[mm],D[mm],p[mm],Pf[N],P_allow[N],M.S.
3500,4000,172,41.76,166.66666666666666,3.96875,23.8125,1026.23112,3497.03773998108,2.40765123161
