ç∂í[STA[mm],âEí[STA[mm],q_max[N/m],N,D[mm],p[mm],Ps[N],P_allow[N],M.S.
4500,5000,13467.7081537,2,3.175,19.049999999999997,128.279920164,1637.6371855521154,11.7661225815
