ç∂í[STA[mm],âEí[STA[mm],K[MPa],As[mm^2],dc[mm],D[mm],p[mm],Pf[N],P_allow[N],M.S.
4500,5000,172,32.76,250.0,3.175,19.05,429.365664,2238.1041535878912,4.21258298285
